Season,Week,HomeTeam,AwayTeam,TeamWithPossession,total_plays,pass_yards,rush_yards,total_yards,points,incompletions,interceptions,fumbles,touchdowns,field_goals,safeties,drives,yards_per_play,points_per_possession,turnovers,scoring_efficiency,Opponent,game_id,points_allowed,game_total,pass_yards_last3,rush_yards_last3,total_yards_last3,yards_per_play_last3,points_per_possession_last3,turnovers_last3,scoring_efficiency_last3,points_last3,points_allowed_last3,pass_yards_season_avg,rush_yards_season_avg,total_yards_season_avg,yards_per_play_season_avg,points_per_possession_season_avg,turnovers_season_avg,scoring_efficiency_season_avg,points_season_avg,points_allowed_season_avg
2025,1,NO,ARI,ARI,79,0,0,-33,18,11,0,0,2,2,0,14,-0.4177215189873418,1.2857142857142858,0,0.14285714285714285,NO,2025_W1_ARI_NO,18,36,,,,,,,,,,,,,,,,,,
2025,2,ARI,CAR,ARI,63,0,0,-9,18,9,1,0,2,2,0,12,-0.14285714285714285,1.5,1,0.16666666666666666,CAR,2025_W2_ARI_CAR,27,45,0.0,0.0,-33.0,-0.4177215189873418,1.2857142857142858,0.0,0.14285714285714285,18.0,18.0,0.0,0.0,-33.0,-0.4177215189873418,1.2857142857142858,0.0,0.14285714285714285,18.0,18.0
2025,3,SF,ARI,ARI,82,0,0,-5,15,14,0,1,1,3,0,14,-0.06097560975609756,1.0714285714285714,1,0.07142857142857142,SF,2025_W3_ARI_SF,17,32,0.0,0.0,-21.0,-0.2802893309222423,1.3928571428571428,0.5,0.15476190476190477,18.0,22.5,0.0,0.0,-21.0,-0.2802893309222423,1.3928571428571428,0.5,0.15476190476190477,18.0,22.5
2025,4,ARI,SEA,ARI,76,0,0,-29,18,12,2,0,2,2,0,15,-0.3815789473684211,1.2,2,0.13333333333333333,SEA,2025_W4_ARI_SEA,30,48,0.0,0.0,-15.666666666666666,-0.20718475720019405,1.2857142857142858,0.6666666666666666,0.12698412698412698,17.0,20.666666666666668,0.0,0.0,-15.666666666666666,-0.20718475720019405,1.2857142857142858,0.6666666666666666,0.12698412698412698,17.0,20.666666666666668
2025,1,ATL,TB,ATL,89,0,0,-23,21,17,0,1,2,3,0,15,-0.25842696629213485,1.4,1,0.13333333333333333,TB,2025_W1_ATL_TB,24,45,,,,,,,,,,,,,,,,,,
2025,2,MIN,ATL,ATL,80,0,0,-27,21,8,0,1,1,5,0,16,-0.3375,1.3125,1,0.0625,MIN,2025_W2_ATL_MIN,6,27,0.0,0.0,-23.0,-0.25842696629213485,1.4,1.0,0.13333333333333333,21.0,24.0,0.0,0.0,-23.0,-0.25842696629213485,1.4,1.0,0.13333333333333333,21.0,24.0
2025,3,CAR,ATL,ATL,79,0,0,0,12,18,1,1,1,2,0,12,0.0,1.0,2,0.08333333333333333,CAR,2025_W3_ATL_CAR,21,33,0.0,0.0,-25.0,-0.29796348314606746,1.35625,1.0,0.09791666666666667,21.0,15.0,0.0,0.0,-25.0,-0.29796348314606746,1.35625,1.0,0.09791666666666667,21.0,15.0
2025,4,ATL,WSH,ATL,79,0,0,-6,30,6,1,2,4,2,0,16,-0.0759493670886076,1.875,3,0.25,WSH,2025_W4_ATL_WSH,24,54,0.0,0.0,-16.666666666666668,-0.1986423220973783,1.2375,1.3333333333333333,0.09305555555555556,18.0,17.0,0.0,0.0,-16.666666666666668,-0.1986423220973783,1.2375,1.3333333333333333,0.09305555555555556,18.0,17.0
2025,1,BUF,BAL,BAL,65,0,0,-16,36,5,0,2,5,2,0,18,-0.24615384615384617,2.0,2,0.2777777777777778,BUF,2025_W1_BAL_BUF,40,76,,,,,,,,,,,,,,,,,,
2025,2,BAL,CLE,BAL,70,0,0,-28,36,12,0,1,5,2,0,18,-0.4,2.0,1,0.2777777777777778,CLE,2025_W2_BAL_CLE,15,51,0.0,0.0,-16.0,-0.24615384615384617,2.0,2.0,0.2777777777777778,36.0,40.0,0.0,0.0,-16.0,-0.24615384615384617,2.0,2.0,0.2777777777777778,36.0,40.0
2025,3,BAL,DET,BAL,70,0,0,-37,27,9,0,2,4,1,0,15,-0.5285714285714286,1.8,2,0.26666666666666666,DET,2025_W3_BAL_DET,36,63,0.0,0.0,-22.0,-0.3230769230769231,2.0,1.5,0.2777777777777778,36.0,27.5,0.0,0.0,-22.0,-0.3230769230769231,2.0,1.5,0.2777777777777778,36.0,27.5
2025,4,KC,BAL,BAL,68,0,0,-5,18,9,1,1,2,2,0,14,-0.07352941176470588,1.2857142857142858,2,0.14285714285714285,KC,2025_W4_BAL_KC,36,54,0.0,0.0,-27.0,-0.39157509157509157,1.9333333333333333,1.6666666666666667,0.2740740740740741,33.0,30.333333333333332,0.0,0.0,-27.0,-0.39157509157509157,1.9333333333333333,1.6666666666666667,0.2740740740740741,33.0,30.333333333333332
2025,1,BUF,BAL,BUF,100,0,0,-5,40,14,0,1,5,3,0,20,-0.05,2.0,1,0.25,BAL,2025_W1_BAL_BUF,36,76,,,,,,,,,,,,,,,,,,
2025,2,NYJ,BUF,BUF,84,0,0,-1,27,14,0,1,3,3,0,16,-0.011904761904761904,1.6875,1,0.1875,NYJ,2025_W2_BUF_NYJ,9,36,0.0,0.0,-5.0,-0.05,2.0,1.0,0.25,40.0,36.0,0.0,0.0,-5.0,-0.05,2.0,1.0,0.25,40.0,36.0
2025,3,BUF,MIA,BUF,69,0,0,-10,30,8,0,1,4,2,0,14,-0.14492753623188406,2.142857142857143,1,0.2857142857142857,MIA,2025_W3_BUF_MIA,18,48,0.0,0.0,-3.0,-0.030952380952380953,1.84375,1.0,0.21875,33.5,22.5,0.0,0.0,-3.0,-0.030952380952380953,1.84375,1.0,0.21875,33.5,22.5
2025,4,BUF,NO,BUF,71,0,0,-18,27,5,1,0,4,1,0,16,-0.2535211267605634,1.6875,1,0.25,NO,2025_W4_BUF_NO,24,51,0.0,0.0,-5.333333333333333,-0.06894409937888199,1.9434523809523807,1.0,0.24107142857142858,32.333333333333336,21.0,0.0,0.0,-5.333333333333333,-0.06894409937888199,1.9434523809523807,1.0,0.24107142857142858,32.333333333333336,21.0
2025,1,JAX,CAR,CAR,75,0,0,-12,15,16,2,1,2,1,0,12,-0.16,1.25,3,0.16666666666666666,JAX,2025_W1_CAR_JAX,21,36,,,,,,,,,,,,,,,,,,
2025,2,ARI,CAR,CAR,97,0,0,-14,27,23,1,1,4,1,0,13,-0.14432989690721648,2.076923076923077,2,0.3076923076923077,ARI,2025_W2_ARI_CAR,18,45,0.0,0.0,-12.0,-0.16,1.25,3.0,0.16666666666666666,15.0,21.0,0.0,0.0,-12.0,-0.16,1.25,3.0,0.16666666666666666,15.0,21.0
2025,3,CAR,ATL,CAR,68,0,0,-7,21,9,0,0,2,3,0,14,-0.10294117647058823,1.5,0,0.14285714285714285,ATL,2025_W3_ATL_CAR,12,33,0.0,0.0,-13.0,-0.15216494845360823,1.6634615384615385,2.5,0.23717948717948717,21.0,19.5,0.0,0.0,-13.0,-0.15216494845360823,1.6634615384615385,2.5,0.23717948717948717,21.0,19.5
2025,4,NE,CAR,CAR,84,0,0,-11,27,15,0,1,4,1,0,15,-0.13095238095238096,1.8,1,0.26666666666666666,NE,2025_W4_CAR_NE,30,57,0.0,0.0,-11.0,-0.13575702445926824,1.6089743589743588,1.6666666666666667,0.20573870573870576,21.0,17.0,0.0,0.0,-11.0,-0.13575702445926824,1.6089743589743588,1.6666666666666667,0.20573870573870576,21.0,17.0
2025,1,CHI,MIN,CHI,86,0,0,-12,24,16,0,2,3,2,0,17,-0.13953488372093023,1.411764705882353,2,0.17647058823529413,MIN,2025_W1_CHI_MIN,24,48,,,,,,,,,,,,,,,,,,
2025,2,DET,CHI,CHI,83,0,0,-29,18,12,2,3,3,0,0,15,-0.3493975903614458,1.2,5,0.2,DET,2025_W2_CHI_DET,48,66,0.0,0.0,-12.0,-0.13953488372093023,1.411764705882353,2.0,0.17647058823529413,24.0,24.0,0.0,0.0,-12.0,-0.13953488372093023,1.411764705882353,2.0,0.17647058823529413,24.0,24.0
2025,3,CHI,DAL,CHI,68,0,0,0,27,10,0,0,4,1,0,15,0.0,1.8,0,0.26666666666666666,DAL,2025_W3_CHI_DAL,12,39,0.0,0.0,-20.5,-0.24446623704118803,1.3058823529411765,3.5,0.18823529411764706,21.0,36.0,0.0,0.0,-20.5,-0.24446623704118803,1.3058823529411765,3.5,0.18823529411764706,21.0,36.0
2025,4,LV,CHI,CHI,81,0,0,-10,24,15,1,2,2,4,0,17,-0.12345679012345678,1.411764705882353,3,0.11764705882352941,LV,2025_W4_CHI_LV,21,45,0.0,0.0,-13.666666666666666,-0.162977491360792,1.4705882352941178,2.3333333333333335,0.21437908496732028,23.0,28.0,0.0,0.0,-13.666666666666666,-0.162977491360792,1.4705882352941178,2.3333333333333335,0.21437908496732028,23.0,28.0
2025,1,CLE,CIN,CIN,66,0,0,-18,15,10,0,0,2,1,0,13,-0.2727272727272727,1.1538461538461537,0,0.15384615384615385,CLE,2025_W1_CIN_CLE,18,33,,,,,,,,,,,,,,,,,,
2025,2,CIN,JAX,CIN,78,0,0,-15,27,16,3,0,4,1,0,16,-0.19230769230769232,1.6875,3,0.25,JAX,2025_W2_CIN_JAX,24,51,0.0,0.0,-18.0,-0.2727272727272727,1.1538461538461537,0.0,0.15384615384615385,15.0,18.0,0.0,0.0,-18.0,-0.2727272727272727,1.1538461538461537,0.0,0.15384615384615385,15.0,18.0
2025,3,MIN,CIN,CIN,72,0,0,-22,21,7,1,4,3,1,0,15,-0.3055555555555556,1.4,5,0.2,MIN,2025_W3_CIN_MIN,30,51,0.0,0.0,-16.5,-0.2325174825174825,1.4206730769230769,1.5,0.20192307692307693,21.0,21.0,0.0,0.0,-16.5,-0.2325174825174825,1.4206730769230769,1.5,0.20192307692307693,21.0,21.0
2025,4,DEN,CIN,CIN,67,0,0,-19,3,14,0,0,0,1,0,11,-0.2835820895522388,0.2727272727272727,0,0.0,DEN,2025_W4_CIN_DEN,24,27,0.0,0.0,-18.333333333333332,-0.25686350686350684,1.4137820512820511,2.6666666666666665,0.20128205128205132,21.0,24.0,0.0,0.0,-18.333333333333332,-0.25686350686350684,1.4137820512820511,2.6666666666666665,0.20128205128205132,21.0,24.0
2025,1,CLE,CIN,CLE,86,0,0,-12,18,15,2,0,2,2,0,14,-0.13953488372093023,1.2857142857142858,2,0.14285714285714285,CIN,2025_W1_CIN_CLE,15,33,,,,,,,,,,,,,,,,,,
2025,2,BAL,CLE,CLE,90,0,0,-7,15,20,1,1,2,1,0,14,-0.07777777777777778,1.0714285714285714,2,0.14285714285714285,BAL,2025_W2_BAL_CLE,36,51,0.0,0.0,-12.0,-0.13953488372093023,1.2857142857142858,2.0,0.14285714285714285,18.0,15.0,0.0,0.0,-12.0,-0.13953488372093023,1.2857142857142858,2.0,0.14285714285714285,18.0,15.0
2025,3,CLE,GB,CLE,78,0,0,-17,12,17,1,0,1,2,0,13,-0.21794871794871795,0.9230769230769231,1,0.07692307692307693,GB,2025_W3_CLE_GB,9,21,0.0,0.0,-9.5,-0.108656330749354,1.1785714285714286,2.0,0.14285714285714285,16.5,25.5,0.0,0.0,-9.5,-0.108656330749354,1.1785714285714286,2.0,0.14285714285714285,16.5,25.5
2025,4,DET,CLE,CLE,85,0,0,-6,18,17,2,2,2,2,0,16,-0.07058823529411765,1.125,4,0.125,DET,2025_W4_CLE_DET,24,42,0.0,0.0,-12.0,-0.14508712648247532,1.0934065934065933,1.6666666666666667,0.12087912087912088,15.0,20.0,0.0,0.0,-12.0,-0.14508712648247532,1.0934065934065933,1.6666666666666667,0.12087912087912088,15.0,20.0
2025,1,PHI,DAL,DAL,70,0,0,0,18,16,0,1,2,2,0,12,0.0,1.5,1,0.16666666666666666,PHI,2025_W1_DAL_PHI,21,39,,,,,,,,,,,,,,,,,,
2025,3,CHI,DAL,DAL,84,0,0,-17,12,9,3,1,1,2,0,12,-0.20238095238095238,1.0,4,0.08333333333333333,CHI,2025_W3_CHI_DAL,27,39,0.0,0.0,0.0,0.0,1.5,1.0,0.16666666666666666,18.0,21.0,0.0,0.0,0.0,0.0,1.5,1.0,0.16666666666666666,18.0,21.0
2025,1,DEN,TEN,DEN,89,0,0,0,18,15,2,1,2,2,0,17,0.0,1.0588235294117647,3,0.11764705882352941,TEN,2025_W1_DEN_TEN,12,30,,,,,,,,,,,,,,,,,,
2025,2,IND,DEN,DEN,71,0,0,0,27,11,1,0,4,1,0,14,0.0,1.9285714285714286,1,0.2857142857142857,IND,2025_W2_DEN_IND,30,57,0.0,0.0,0.0,0.0,1.0588235294117647,3.0,0.11764705882352941,18.0,12.0,0.0,0.0,0.0,0.0,1.0588235294117647,3.0,0.11764705882352941,18.0,12.0
2025,3,LAC,DEN,DEN,66,0,0,-6,18,13,0,0,2,2,0,15,-0.09090909090909091,1.2,0,0.13333333333333333,LAC,2025_W3_DEN_LAC,21,39,0.0,0.0,0.0,0.0,1.4936974789915967,2.0,0.20168067226890757,22.5,21.0,0.0,0.0,0.0,0.0,1.4936974789915967,2.0,0.20168067226890757,22.5,21.0
2025,4,DEN,CIN,DEN,88,0,0,0,24,12,1,0,4,0,0,14,0.0,1.7142857142857142,1,0.2857142857142857,CIN,2025_W4_CIN_DEN,3,27,0.0,0.0,-2.0,-0.030303030303030304,1.3957983193277312,1.3333333333333333,0.1788982259570495,21.0,21.0,0.0,0.0,-2.0,-0.030303030303030304,1.3957983193277312,1.3333333333333333,0.1788982259570495,21.0,21.0
2025,1,GB,DET,DET,79,0,0,-25,12,7,1,1,1,2,0,11,-0.31645569620253167,1.0909090909090908,2,0.09090909090909091,GB,2025_W1_DET_GB,24,36,,,,,,,,,,,,,,,,,,
2025,2,DET,CHI,DET,69,0,0,-9,48,5,0,0,7,2,0,21,-0.13043478260869565,2.2857142857142856,0,0.3333333333333333,CHI,2025_W2_CHI_DET,18,66,0.0,0.0,-25.0,-0.31645569620253167,1.0909090909090908,2.0,0.09090909090909091,12.0,24.0,0.0,0.0,-25.0,-0.31645569620253167,1.0909090909090908,2.0,0.09090909090909091,12.0,24.0
2025,3,BAL,DET,DET,79,0,0,0,36,9,0,1,5,2,0,18,0.0,2.0,1,0.2777777777777778,BAL,2025_W3_BAL_DET,27,63,0.0,0.0,-17.0,-0.22344523940561367,1.6883116883116882,1.0,0.2121212121212121,30.0,21.0,0.0,0.0,-17.0,-0.22344523940561367,1.6883116883116882,1.0,0.2121212121212121,30.0,21.0
2025,4,DET,CLE,DET,73,0,0,-5,24,12,1,0,3,2,0,18,-0.0684931506849315,1.3333333333333333,1,0.16666666666666666,CLE,2025_W4_CLE_DET,18,42,0.0,0.0,-11.333333333333334,-0.14896349293707578,1.7922077922077921,1.0,0.234006734006734,32.0,23.0,0.0,0.0,-11.333333333333334,-0.14896349293707578,1.7922077922077921,1.0,0.234006734006734,32.0,23.0
2025,1,GB,DET,GB,57,0,0,0,24,7,0,0,3,2,0,14,0.0,1.7142857142857142,0,0.21428571428571427,DET,2025_W1_DET_GB,12,36,,,,,,,,,,,,,,,,,,
2025,2,GB,WSH,GB,81,0,0,-23,33,15,0,0,4,3,0,19,-0.2839506172839506,1.736842105263158,0,0.21052631578947367,WSH,2025_W2_GB_WSH,15,48,0.0,0.0,0.0,0.0,1.7142857142857142,0.0,0.21428571428571427,24.0,12.0,0.0,0.0,0.0,0.0,1.7142857142857142,0.0,0.21428571428571427,24.0,12.0
2025,3,CLE,GB,GB,80,0,0,-41,9,8,1,0,1,1,0,12,-0.5125,0.75,1,0.08333333333333333,CLE,2025_W3_CLE_GB,12,21,0.0,0.0,-11.5,-0.1419753086419753,1.725563909774436,0.0,0.212406015037594,28.5,13.5,0.0,0.0,-11.5,-0.1419753086419753,1.725563909774436,0.0,0.212406015037594,28.5,13.5
2025,1,LAR,HOU,HOU,76,0,0,-37,9,9,1,1,0,3,0,12,-0.4868421052631579,0.75,2,0.0,LAR,2025_W1_HOU_LAR,12,21,,,,,,,,,,,,,,,,,,
2025,2,HOU,TB,HOU,58,0,0,-25,18,12,0,0,2,2,0,15,-0.43103448275862066,1.2,0,0.13333333333333333,TB,2025_W2_HOU_TB,21,39,0.0,0.0,-37.0,-0.4868421052631579,0.75,2.0,0.0,9.0,12.0,0.0,0.0,-37.0,-0.4868421052631579,0.75,2.0,0.0,9.0,12.0
2025,3,JAX,HOU,HOU,77,0,0,-20,12,12,2,1,1,2,0,15,-0.2597402597402597,0.8,3,0.06666666666666667,JAX,2025_W3_HOU_JAX,21,33,0.0,0.0,-31.0,-0.45893829401088926,0.975,1.0,0.06666666666666667,13.5,16.5,0.0,0.0,-31.0,-0.45893829401088926,0.975,1.0,0.06666666666666667,13.5,16.5
2025,4,HOU,TEN,HOU,77,0,0,-16,27,6,0,0,3,3,0,15,-0.2077922077922078,1.8,0,0.2,TEN,2025_W4_HOU_TEN,6,33,0.0,0.0,-27.333333333333332,-0.3925389492540128,0.9166666666666666,1.6666666666666667,0.06666666666666667,13.0,18.0,0.0,0.0,-27.333333333333332,-0.3925389492540128,0.9166666666666666,1.6666666666666667,0.06666666666666667,13.0,18.0
2025,1,IND,MIA,IND,80,0,0,-10,30,7,0,0,3,4,0,14,-0.125,2.142857142857143,0,0.21428571428571427,MIA,2025_W1_IND_MIA,6,36,,,,,,,,,,,,,,,,,,
2025,2,IND,DEN,IND,83,0,0,-10,30,12,0,0,2,6,0,18,-0.12048192771084337,1.6666666666666667,0,0.1111111111111111,DEN,2025_W2_DEN_IND,27,57,0.0,0.0,-10.0,-0.125,2.142857142857143,0.0,0.21428571428571427,30.0,6.0,0.0,0.0,-10.0,-0.125,2.142857142857143,0.0,0.21428571428571427,30.0,6.0
2025,3,TEN,IND,IND,66,0,0,0,33,10,0,0,4,3,0,15,0.0,2.2,0,0.26666666666666666,TEN,2025_W3_IND_TEN,33,66,0.0,0.0,-10.0,-0.12274096385542169,1.9047619047619047,0.0,0.16269841269841268,30.0,16.5,0.0,0.0,-10.0,-0.12274096385542169,1.9047619047619047,0.0,0.16269841269841268,30.0,16.5
2025,4,LAR,IND,IND,75,0,0,-1,24,10,2,2,3,2,0,17,-0.013333333333333334,1.411764705882353,4,0.17647058823529413,LAR,2025_W4_IND_LAR,24,48,0.0,0.0,-6.666666666666667,-0.0818273092369478,2.003174603174603,0.0,0.19735449735449737,31.0,22.0,0.0,0.0,-6.666666666666667,-0.0818273092369478,2.003174603174603,0.0,0.19735449735449737,31.0,22.0
2025,1,JAX,CAR,JAX,77,0,0,0,21,10,1,0,2,3,0,16,0.0,1.3125,1,0.125,CAR,2025_W1_CAR_JAX,15,36,,,,,,,,,,,,,,,,,,
2025,2,CIN,JAX,JAX,82,0,0,-10,24,17,2,2,3,2,0,17,-0.12195121951219512,1.411764705882353,4,0.17647058823529413,CIN,2025_W2_CIN_JAX,27,51,0.0,0.0,0.0,0.0,1.3125,1.0,0.125,21.0,15.0,0.0,0.0,0.0,0.0,1.3125,1.0,0.125,21.0,15.0
2025,3,JAX,HOU,JAX,85,0,0,-17,21,20,1,0,2,3,0,18,-0.2,1.1666666666666667,1,0.1111111111111111,HOU,2025_W3_HOU_JAX,12,33,0.0,0.0,-5.0,-0.06097560975609756,1.3621323529411766,2.5,0.15073529411764708,22.5,21.0,0.0,0.0,-5.0,-0.06097560975609756,1.3621323529411766,2.5,0.15073529411764708,22.5,21.0
2025,4,SF,JAX,JAX,84,0,0,0,21,10,1,1,2,3,0,14,0.0,1.5,2,0.14285714285714285,SF,2025_W4_JAX_SF,24,45,0.0,0.0,-9.0,-0.1073170731707317,1.2969771241830066,2.0,0.1375272331154684,22.0,18.0,0.0,0.0,-9.0,-0.1073170731707317,1.2969771241830066,2.0,0.1375272331154684,22.0,18.0
2025,1,LAC,KC,KC,76,0,0,-9,21,14,0,1,2,3,0,13,-0.11842105263157894,1.6153846153846154,1,0.15384615384615385,LAC,2025_W1_KC_LAC,24,45,,,,,,,,,,,,,,,,,,
2025,2,KC,PHI,KC,70,0,0,-24,18,13,1,1,2,2,0,13,-0.34285714285714286,1.3846153846153846,2,0.15384615384615385,PHI,2025_W2_KC_PHI,18,36,0.0,0.0,-9.0,-0.11842105263157894,1.6153846153846154,1.0,0.15384615384615385,21.0,24.0,0.0,0.0,-9.0,-0.11842105263157894,1.6153846153846154,1.0,0.15384615384615385,21.0,24.0
2025,3,NYG,KC,KC,82,0,0,0,30,17,0,1,3,4,0,16,0.0,1.875,1,0.1875,NYG,2025_W3_KC_NYG,9,39,0.0,0.0,-16.5,-0.2306390977443609,1.5,1.5,0.15384615384615385,19.5,21.0,0.0,0.0,-16.5,-0.2306390977443609,1.5,1.5,0.15384615384615385,19.5,21.0
2025,4,KC,BAL,KC,82,0,0,-6,36,13,0,0,4,4,0,18,-0.07317073170731707,2.0,0,0.2222222222222222,BAL,2025_W4_BAL_KC,18,54,0.0,0.0,-11.0,-0.1537593984962406,1.625,1.3333333333333333,0.16506410256410256,23.0,17.0,0.0,0.0,-11.0,-0.1537593984962406,1.625,1.3333333333333333,0.16506410256410256,23.0,17.0
2025,1,LAC,KC,LAC,76,0,0,-14,24,10,0,1,3,2,0,13,-0.18421052631578946,1.8461538461538463,1,0.23076923076923078,KC,2025_W1_KC_LAC,21,45,,,,,,,,,,,,,,,,,,
2025,2,LV,LAC,LAC,68,0,0,-6,18,8,0,2,2,2,0,14,-0.08823529411764706,1.2857142857142858,2,0.14285714285714285,LV,2025_W2_LAC_LV,9,27,0.0,0.0,-14.0,-0.18421052631578946,1.8461538461538463,1.0,0.23076923076923078,24.0,21.0,0.0,0.0,-14.0,-0.18421052631578946,1.8461538461538463,1.0,0.23076923076923078,24.0,21.0
2025,3,LAC,DEN,LAC,100,0,0,-30,21,22,1,2,2,3,0,17,-0.3,1.2352941176470589,3,0.11764705882352941,DEN,2025_W3_DEN_LAC,18,39,0.0,0.0,-10.0,-0.13622291021671826,1.5659340659340661,1.5,0.18681318681318682,21.0,15.0,0.0,0.0,-10.0,-0.13622291021671826,1.5659340659340661,1.5,0.18681318681318682,21.0,15.0
2025,4,NYG,LAC,LAC,76,0,0,-17,15,18,3,0,2,1,0,14,-0.2236842105263158,1.0714285714285714,3,0.14285714285714285,NYG,2025_W4_LAC_NYG,18,33,0.0,0.0,-16.666666666666668,-0.19081527347781216,1.455720749838397,2.0,0.16375781081663435,21.0,16.0,0.0,0.0,-16.666666666666668,-0.19081527347781216,1.455720749838397,2.0,0.16375781081663435,21.0,16.0
2025,1,LAR,HOU,LAR,71,0,0,-21,12,10,0,1,2,0,0,11,-0.29577464788732394,1.0909090909090908,1,0.18181818181818182,HOU,2025_W1_HOU_LAR,9,21,,,,,,,,,,,,,,,,,,
2025,2,TEN,LAR,LAR,73,0,0,-8,36,11,1,0,5,2,0,19,-0.1095890410958904,1.894736842105263,1,0.2631578947368421,TEN,2025_W2_LAR_TEN,18,54,0.0,0.0,-21.0,-0.29577464788732394,1.0909090909090908,1.0,0.18181818181818182,12.0,9.0,0.0,0.0,-21.0,-0.29577464788732394,1.0909090909090908,1.0,0.18181818181818182,12.0,9.0
2025,3,PHI,LAR,LAR,78,0,0,0,36,15,1,0,4,4,0,19,0.0,1.894736842105263,1,0.21052631578947367,PHI,2025_W3_LAR_PHI,24,60,0.0,0.0,-14.5,-0.20268184449160717,1.4928229665071768,1.0,0.22248803827751196,24.0,13.5,0.0,0.0,-14.5,-0.20268184449160717,1.4928229665071768,1.0,0.22248803827751196,24.0,13.5
2025,4,LAR,IND,LAR,86,0,0,-15,24,13,0,1,3,2,0,16,-0.1744186046511628,1.5,1,0.1875,IND,2025_W4_IND_LAR,24,48,0.0,0.0,-9.666666666666666,-0.13512122966107146,1.6267942583732058,1.0,0.21850079744816586,28.0,17.0,0.0,0.0,-9.666666666666666,-0.13512122966107146,1.6267942583732058,1.0,0.21850079744816586,28.0,17.0
2025,1,NE,LV,LV,77,0,0,-29,21,8,1,0,2,3,0,17,-0.37662337662337664,1.2352941176470589,1,0.11764705882352941,NE,2025_W1_LV_NE,15,36,,,,,,,,,,,,,,,,,,
2025,2,LV,LAC,LV,80,0,0,-21,9,20,3,1,0,3,0,13,-0.2625,0.6923076923076923,4,0.0,LAC,2025_W2_LAC_LV,18,27,0.0,0.0,-29.0,-0.37662337662337664,1.2352941176470589,1.0,0.11764705882352941,21.0,15.0,0.0,0.0,-29.0,-0.37662337662337664,1.2352941176470589,1.0,0.11764705882352941,21.0,15.0
2025,3,WSH,LV,LV,78,0,0,-28,27,10,0,0,4,1,0,17,-0.358974358974359,1.588235294117647,0,0.23529411764705882,WSH,2025_W3_LV_WSH,39,66,0.0,0.0,-25.0,-0.3195616883116883,0.9638009049773756,2.5,0.058823529411764705,15.0,16.5,0.0,0.0,-25.0,-0.3195616883116883,0.9638009049773756,2.5,0.058823529411764705,15.0,16.5
2025,4,LV,CHI,LV,63,0,0,0,21,3,3,1,3,1,0,15,0.0,1.4,4,0.2,CHI,2025_W4_CHI_LV,24,45,0.0,0.0,-26.0,-0.3326992451992452,1.1719457013574661,1.6666666666666667,0.1176470588235294,19.0,24.0,0.0,0.0,-26.0,-0.3326992451992452,1.1719457013574661,1.6666666666666667,0.1176470588235294,19.0,24.0
2025,1,IND,MIA,MIA,55,0,0,-13,6,10,2,1,1,0,0,8,-0.23636363636363636,0.75,3,0.125,IND,2025_W1_IND_MIA,30,36,,,,,,,,,,,,,,,,,,
2025,2,MIA,NE,MIA,72,0,0,-18,18,6,2,0,2,2,0,12,-0.25,1.5,2,0.16666666666666666,NE,2025_W2_MIA_NE,36,54,0.0,0.0,-13.0,-0.23636363636363636,0.75,3.0,0.125,6.0,30.0,0.0,0.0,-13.0,-0.23636363636363636,0.75,3.0,0.125,6.0,30.0
2025,3,BUF,MIA,MIA,71,0,0,0,18,11,1,1,3,0,0,12,0.0,1.5,2,0.25,BUF,2025_W3_BUF_MIA,30,48,0.0,0.0,-15.5,-0.24318181818181817,1.125,2.5,0.14583333333333331,12.0,33.0,0.0,0.0,-15.5,-0.24318181818181817,1.125,2.5,0.14583333333333331,12.0,33.0
2025,4,MIA,NYJ,MIA,69,0,0,0,24,9,0,2,3,2,0,14,0.0,1.7142857142857142,2,0.21428571428571427,NYJ,2025_W4_MIA_NYJ,24,48,0.0,0.0,-10.333333333333334,-0.1621212121212121,1.25,2.3333333333333335,0.18055555555555555,14.0,32.0,0.0,0.0,-10.333333333333334,-0.1621212121212121,1.25,2.3333333333333335,0.18055555555555555,14.0,32.0
2025,1,CHI,MIN,MIN,69,13,0,4,24,10,0,0,3,2,0,17,0.057971014492753624,1.411764705882353,0,0.17647058823529413,CHI,2025_W1_CHI_MIN,24,48,,,,,,,,,,,,,,,,,,
2025,2,MIN,ATL,MIN,63,0,0,-28,6,8,2,2,0,2,0,11,-0.4444444444444444,0.5454545454545454,4,0.0,ATL,2025_W2_ATL_MIN,21,27,13.0,0.0,4.0,0.057971014492753624,1.411764705882353,0.0,0.17647058823529413,24.0,24.0,13.0,0.0,4.0,0.057971014492753624,1.411764705882353,0.0,0.17647058823529413,24.0,24.0
2025,3,MIN,CIN,MIN,75,0,0,-19,30,8,0,1,4,2,0,18,-0.25333333333333335,1.6666666666666667,1,0.2222222222222222,CIN,2025_W3_CIN_MIN,21,51,6.5,0.0,-12.0,-0.1932367149758454,0.9786096256684492,2.0,0.08823529411764706,15.0,22.5,6.5,0.0,-12.0,-0.1932367149758454,0.9786096256684492,2.0,0.08823529411764706,15.0,22.5
2025,4,PIT,MIN,MIN,88,0,0,-40,24,14,2,1,3,2,0,16,-0.45454545454545453,1.5,3,0.1875,PIT,2025_W4_MIN_PIT,21,45,4.333333333333333,0.0,-14.333333333333334,-0.21326892109500806,1.207961972667855,1.6666666666666667,0.1328976034858388,20.0,22.0,4.333333333333333,0.0,-14.333333333333334,-0.21326892109500806,1.207961972667855,1.6666666666666667,0.1328976034858388,20.0,22.0
2025,1,NE,LV,NE,89,0,0,-3,15,16,1,1,1,3,0,15,-0.033707865168539325,1.0,2,0.06666666666666667,LV,2025_W1_LV_NE,21,36,,,,,,,,,,,,,,,,,,
2025,2,MIA,NE,NE,74,0,0,-19,36,5,0,1,5,2,0,16,-0.25675675675675674,2.25,1,0.3125,MIA,2025_W2_MIA_NE,18,54,0.0,0.0,-3.0,-0.033707865168539325,1.0,2.0,0.06666666666666667,15.0,21.0,0.0,0.0,-3.0,-0.033707865168539325,1.0,2.0,0.06666666666666667,15.0,21.0
2025,3,NE,PIT,NE,80,0,0,-14,12,10,1,4,2,0,0,11,-0.175,1.0909090909090908,5,0.18181818181818182,PIT,2025_W3_NE_PIT,18,30,0.0,0.0,-11.0,-0.14523231096264805,1.625,1.5,0.18958333333333333,25.5,19.5,0.0,0.0,-11.0,-0.14523231096264805,1.625,1.5,0.18958333333333333,25.5,19.5
2025,4,NE,CAR,NE,57,0,0,0,30,4,0,0,5,0,0,15,0.0,2.0,0,0.3333333333333333,CAR,2025_W4_CAR_NE,27,57,0.0,0.0,-12.0,-0.15515487397509867,1.446969696969697,2.6666666666666665,0.18699494949494952,21.0,19.0,0.0,0.0,-12.0,-0.15515487397509867,1.446969696969697,2.6666666666666665,0.18699494949494952,21.0,19.0
2025,1,NO,ARI,NO,92,0,0,-6,18,19,1,0,1,4,0,14,-0.06521739130434782,1.2857142857142858,1,0.07142857142857142,ARI,2025_W1_ARI_NO,18,36,,,,,,,,,,,,,,,,,,
2025,2,NO,SF,NO,82,0,0,-12,21,11,0,2,3,1,0,15,-0.14634146341463414,1.4,2,0.2,SF,2025_W2_NO_SF,24,45,0.0,0.0,-6.0,-0.06521739130434782,1.2857142857142858,1.0,0.07142857142857142,18.0,18.0,0.0,0.0,-6.0,-0.06521739130434782,1.2857142857142858,1.0,0.07142857142857142,18.0,18.0
2025,3,SEA,NO,NO,96,0,0,-13,21,13,2,0,2,3,0,16,-0.13541666666666666,1.3125,2,0.125,SEA,2025_W3_NO_SEA,33,54,0.0,0.0,-9.0,-0.10577942735949097,1.342857142857143,1.5,0.13571428571428573,19.5,21.0,0.0,0.0,-9.0,-0.10577942735949097,1.342857142857143,1.5,0.13571428571428573,19.5,21.0
2025,4,BUF,NO,NO,77,0,0,-11,24,8,1,1,3,2,0,15,-0.14285714285714285,1.6,2,0.2,BUF,2025_W4_BUF_NO,27,51,0.0,0.0,-10.333333333333334,-0.11565850712854954,1.3327380952380954,1.6666666666666667,0.13214285714285715,20.0,25.0,0.0,0.0,-10.333333333333334,-0.11565850712854954,1.3327380952380954,1.6666666666666667,0.13214285714285715,20.0,25.0
2025,1,WSH,NYG,NYG,81,0,0,-11,6,24,1,1,0,2,0,11,-0.13580246913580246,0.5454545454545454,2,0.0,WSH,2025_W1_NYG_WSH,18,24,,,,,,,,,,,,,,,,,,
2025,3,NYG,KC,NYG,76,0,0,-9,9,14,2,1,1,1,0,11,-0.11842105263157894,0.8181818181818182,3,0.09090909090909091,KC,2025_W3_KC_NYG,30,39,0.0,0.0,-11.0,-0.13580246913580246,0.5454545454545454,2.0,0.0,6.0,18.0,0.0,0.0,-11.0,-0.13580246913580246,0.5454545454545454,2.0,0.0,6.0,18.0
2025,4,NYG,LAC,NYG,87,0,0,-25,18,10,0,2,2,2,0,14,-0.28735632183908044,1.2857142857142858,2,0.14285714285714285,LAC,2025_W4_LAC_NYG,15,33,0.0,0.0,-10.0,-0.1271117608836907,0.6818181818181819,2.5,0.045454545454545456,7.5,24.0,0.0,0.0,-10.0,-0.1271117608836907,0.6818181818181819,2.5,0.045454545454545456,7.5,24.0
2025,1,NYJ,PIT,NYJ,76,0,0,-6,31,6,0,1,4,2,0,17,-0.07894736842105263,1.8235294117647058,1,0.23529411764705882,PIT,2025_W1_NYJ_PIT,30,61,,,,,,,,,,,,,,,,,,
2025,2,NYJ,BUF,NYJ,63,0,0,-20,9,12,0,3,1,1,0,12,-0.31746031746031744,0.75,3,0.08333333333333333,BUF,2025_W2_BUF_NYJ,27,36,0.0,0.0,-6.0,-0.07894736842105263,1.8235294117647058,1.0,0.23529411764705882,31.0,30.0,0.0,0.0,-6.0,-0.07894736842105263,1.8235294117647058,1.0,0.23529411764705882,31.0,30.0
2025,3,TB,NYJ,NYJ,81,0,0,-21,24,10,1,1,3,2,0,15,-0.25925925925925924,1.6,2,0.2,TB,2025_W3_NYJ_TB,27,51,0.0,0.0,-13.0,-0.19820384294068505,1.2867647058823528,2.0,0.15931372549019607,20.0,28.5,0.0,0.0,-13.0,-0.19820384294068505,1.2867647058823528,2.0,0.15931372549019607,20.0,28.5
2025,4,MIA,NYJ,NYJ,76,0,0,-2,24,10,0,3,3,2,0,14,-0.02631578947368421,1.7142857142857142,3,0.21428571428571427,MIA,2025_W4_MIA_NYJ,24,48,0.0,0.0,-15.666666666666666,-0.2185556483802098,1.3911764705882355,2.0,0.17287581699346402,21.333333333333332,28.0,0.0,0.0,-15.666666666666666,-0.2185556483802098,1.3911764705882355,2.0,0.17287581699346402,21.333333333333332,28.0
2025,1,PHI,DAL,PHI,72,0,0,-8,21,4,0,0,3,1,0,12,-0.1111111111111111,1.75,0,0.25,DAL,2025_W1_DAL_PHI,18,39,,,,,,,,,,,,,,,,,,
2025,2,KC,PHI,PHI,74,0,0,-4,18,7,0,1,2,2,0,15,-0.05405405405405406,1.2,1,0.13333333333333333,KC,2025_W2_KC_PHI,18,36,0.0,0.0,-8.0,-0.1111111111111111,1.75,0.0,0.25,21.0,18.0,0.0,0.0,-8.0,-0.1111111111111111,1.75,0.0,0.25,21.0,18.0
2025,3,PHI,LAR,PHI,77,0,0,-21,24,13,0,1,4,0,0,14,-0.2727272727272727,1.7142857142857142,1,0.2857142857142857,LAR,2025_W3_LAR_PHI,36,60,0.0,0.0,-6.0,-0.08258258258258258,1.475,0.5,0.19166666666666665,19.5,18.0,0.0,0.0,-6.0,-0.08258258258258258,1.475,0.5,0.19166666666666665,19.5,18.0
2025,4,TB,PHI,PHI,72,0,0,-18,23,9,0,2,3,1,1,16,-0.25,1.4375,2,0.1875,TB,2025_W4_PHI_TB,27,50,0.0,0.0,-11.0,-0.14596414596414595,1.5547619047619048,0.6666666666666666,0.223015873015873,21.0,24.0,0.0,0.0,-11.0,-0.14596414596414595,1.5547619047619048,0.6666666666666666,0.223015873015873,21.0,24.0
2025,1,NYJ,PIT,PIT,70,0,0,-26,30,10,0,2,4,2,0,17,-0.37142857142857144,1.7647058823529411,2,0.23529411764705882,NYJ,2025_W1_NYJ_PIT,31,61,,,,,,,,,,,,,,,,,,
2025,2,PIT,SEA,PIT,73,0,0,-20,15,14,2,0,1,3,0,15,-0.273972602739726,1.0,2,0.06666666666666667,SEA,2025_W2_PIT_SEA,30,45,0.0,0.0,-26.0,-0.37142857142857144,1.7647058823529411,2.0,0.23529411764705882,30.0,31.0,0.0,0.0,-26.0,-0.37142857142857144,1.7647058823529411,2.0,0.23529411764705882,30.0,31.0
2025,3,NE,PIT,PIT,63,0,0,0,18,8,1,2,3,0,0,12,0.0,1.5,3,0.25,NE,2025_W3_NE_PIT,12,30,0.0,0.0,-23.0,-0.3227005870841487,1.3823529411764706,2.0,0.15098039215686274,22.5,30.5,0.0,0.0,-23.0,-0.3227005870841487,1.3823529411764706,2.0,0.15098039215686274,22.5,30.5
2025,4,PIT,MIN,PIT,64,0,0,-18,21,4,0,1,3,1,0,15,-0.28125,1.4,1,0.2,MIN,2025_W4_MIN_PIT,24,45,0.0,0.0,-15.333333333333334,-0.21513372472276582,1.4215686274509804,2.3333333333333335,0.18398692810457518,21.0,24.333333333333332,0.0,0.0,-15.333333333333334,-0.21513372472276582,1.4215686274509804,2.3333333333333335,0.18398692810457518,21.0,24.333333333333332
2025,1,SEA,SF,SEA,64,0,0,0,12,8,0,3,1,2,0,13,0.0,0.9230769230769231,3,0.07692307692307693,SF,2025_W1_SEA_SF,18,30,,,,,,,,,,,,,,,,,,
2025,2,PIT,SEA,SEA,77,0,0,-17,30,10,2,0,4,2,0,17,-0.22077922077922077,1.7647058823529411,2,0.23529411764705882,PIT,2025_W2_PIT_SEA,15,45,0.0,0.0,0.0,0.0,0.9230769230769231,3.0,0.07692307692307693,12.0,18.0,0.0,0.0,0.0,0.0,0.9230769230769231,3.0,0.07692307692307693,12.0,18.0
2025,3,SEA,NO,SEA,67,0,0,0,33,5,0,1,4,3,0,19,0.0,1.736842105263158,1,0.21052631578947367,NO,2025_W3_NO_SEA,21,54,0.0,0.0,-8.5,-0.11038961038961038,1.3438914027149322,2.5,0.15610859728506787,21.0,16.5,0.0,0.0,-8.5,-0.11038961038961038,1.3438914027149322,2.5,0.15610859728506787,21.0,16.5
2025,4,ARI,SEA,SEA,75,0,0,-12,30,6,0,1,3,4,0,17,-0.16,1.7647058823529411,1,0.17647058823529413,ARI,2025_W4_ARI_SEA,18,48,0.0,0.0,-5.666666666666667,-0.07359307359307359,1.4748749702310073,2.0,0.17424783678653646,25.0,18.0,0.0,0.0,-5.666666666666667,-0.07359307359307359,1.4748749702310073,2.0,0.17424783678653646,25.0,18.0
2025,1,SEA,SF,SF,87,0,0,-12,18,10,2,0,2,2,0,15,-0.13793103448275862,1.2,2,0.13333333333333333,SEA,2025_W1_SEA_SF,12,30,,,,,,,,,,,,,,,,,,
2025,2,NO,SF,SF,82,0,0,-7,24,14,0,2,3,2,0,16,-0.08536585365853659,1.5,2,0.1875,NO,2025_W2_NO_SF,21,45,0.0,0.0,-12.0,-0.13793103448275862,1.2,2.0,0.13333333333333333,18.0,12.0,0.0,0.0,-12.0,-0.13793103448275862,1.2,2.0,0.13333333333333333,18.0,12.0
2025,3,SF,ARI,SF,75,0,0,-2,17,14,1,0,1,3,1,14,-0.02666666666666667,1.2142857142857142,1,0.07142857142857142,ARI,2025_W3_ARI_SF,15,32,0.0,0.0,-9.5,-0.11164844407064761,1.35,2.0,0.16041666666666665,21.0,16.5,0.0,0.0,-9.5,-0.11164844407064761,1.35,2.0,0.16041666666666665,21.0,16.5
2025,4,SF,JAX,SF,75,0,0,0,24,16,2,3,3,2,0,15,0.0,1.6,5,0.2,JAX,2025_W4_JAX_SF,21,45,0.0,0.0,-7.0,-0.0833211849359873,1.3047619047619048,1.6666666666666667,0.13075396825396826,19.666666666666668,16.0,0.0,0.0,-7.0,-0.0833211849359873,1.3047619047619048,1.6666666666666667,0.13075396825396826,19.666666666666668,16.0
2025,1,ATL,TB,TB,69,0,0,-8,24,16,0,0,3,2,0,15,-0.11594202898550725,1.6,0,0.2,ATL,2025_W1_ATL_TB,21,45,,,,,,,,,,,,,,,,,,
2025,2,HOU,TB,TB,93,0,0,-29,21,14,0,1,3,1,0,14,-0.3118279569892473,1.5,1,0.21428571428571427,HOU,2025_W2_HOU_TB,18,39,0.0,0.0,-8.0,-0.11594202898550725,1.6,0.0,0.2,24.0,21.0,0.0,0.0,-8.0,-0.11594202898550725,1.6,0.0,0.2,24.0,21.0
2025,3,TB,NYJ,TB,91,0,0,0,27,12,0,1,2,5,0,17,0.0,1.588235294117647,1,0.11764705882352941,NYJ,2025_W3_NYJ_TB,24,51,0.0,0.0,-18.5,-0.2138849929873773,1.55,0.5,0.20714285714285713,22.5,19.5,0.0,0.0,-18.5,-0.2138849929873773,1.55,0.5,0.20714285714285713,22.5,19.5
2025,4,TB,PHI,TB,86,0,0,-9,27,18,1,3,3,3,0,17,-0.10465116279069768,1.588235294117647,4,0.17647058823529413,PHI,2025_W4_PHI_TB,23,50,0.0,0.0,-12.333333333333334,-0.1425899953249182,1.5627450980392157,0.6666666666666666,0.1773109243697479,24.0,21.0,0.0,0.0,-12.333333333333334,-0.1425899953249182,1.5627450980392157,0.6666666666666666,0.1773109243697479,24.0,21.0
2025,1,DEN,TEN,TEN,75,0,0,-48,12,17,0,2,0,4,0,17,-0.64,0.7058823529411765,2,0.0,DEN,2025_W1_DEN_TEN,18,30,,,,,,,,,,,,,,,,,,
2025,2,TEN,LAR,TEN,85,0,0,-22,18,15,0,1,1,4,0,16,-0.25882352941176473,1.125,1,0.0625,LAR,2025_W2_LAR_TEN,36,54,0.0,0.0,-48.0,-0.64,0.7058823529411765,2.0,0.0,12.0,18.0,0.0,0.0,-48.0,-0.64,0.7058823529411765,2.0,0.0,12.0,18.0
2025,3,TEN,IND,TEN,84,0,0,-23,33,17,0,0,4,3,0,17,-0.27380952380952384,1.9411764705882353,0,0.23529411764705882,IND,2025_W3_IND_TEN,33,66,0.0,0.0,-35.0,-0.4494117647058824,0.9154411764705883,1.5,0.03125,15.0,27.0,0.0,0.0,-35.0,-0.4494117647058824,0.9154411764705883,1.5,0.03125,15.0,27.0
2025,4,HOU,TEN,TEN,63,0,0,-15,6,15,1,0,0,2,0,12,-0.23809523809523808,0.5,1,0.0,HOU,2025_W4_HOU_TEN,27,33,0.0,0.0,-31.0,-0.3908776844070962,1.2573529411764708,1.0,0.09926470588235294,21.0,29.0,0.0,0.0,-31.0,-0.3908776844070962,1.2573529411764708,1.0,0.09926470588235294,21.0,29.0
2025,1,WSH,NYG,WSH,79,0,0,-21,18,12,0,0,3,0,0,13,-0.26582278481012656,1.3846153846153846,0,0.23076923076923078,NYG,2025_W1_NYG_WSH,6,24,,,,,,,,,,,,,,,,,,
2025,2,GB,WSH,WSH,83,10,0,-11,15,18,0,0,1,3,0,15,-0.13253012048192772,1.0,0,0.06666666666666667,GB,2025_W2_GB_WSH,33,48,0.0,0.0,-21.0,-0.26582278481012656,1.3846153846153846,0.0,0.23076923076923078,18.0,6.0,0.0,0.0,-21.0,-0.26582278481012656,1.3846153846153846,0.0,0.23076923076923078,18.0,6.0
2025,3,WSH,LV,WSH,70,0,0,-17,39,5,0,1,5,3,0,19,-0.24285714285714285,2.0526315789473686,1,0.2631578947368421,LV,2025_W3_LV_WSH,27,66,5.0,0.0,-16.0,-0.19917645264602712,1.1923076923076923,0.0,0.14871794871794872,16.5,19.5,5.0,0.0,-16.0,-0.19917645264602712,1.1923076923076923,0.0,0.14871794871794872,16.5,19.5
2025,4,ATL,WSH,WSH,70,0,0,-9,24,11,1,2,2,4,0,15,-0.12857142857142856,1.6,3,0.13333333333333333,ATL,2025_W4_ATL_WSH,30,54,3.3333333333333335,0.0,-16.333333333333332,-0.21373668271639903,1.4790823211875843,0.3333333333333333,0.18686459739091318,24.0,22.0,3.3333333333333335,0.0,-16.333333333333332,-0.21373668271639903,1.4790823211875843,0.3333333333333333,0.18686459739091318,24.0,22.0
